<?xml version="1.0" encoding="UTF-8"?>
<Configuration status="info" monitorInterval="30">
	<!-- Appenders -->
	<appender name="console" class="org.apache.log4j.ConsoleAppender">
		<param name="Target" value="System.out" />
		<layout class="org.apache.log4j.PatternLayout">
			<!-- <param name="ConversionPattern" value="%-5p: %c - %m%n" /> -->
			<param name="ConversionPattern" value="[%d] [%p] (%13F:%L) %3x - %m%n" />
		</layout>
	</appender>
	
	<!-- Application Loggers -->
	<logger name="com.sts3.mvc">
		<level value="info" />
	</logger>
	
	<!-- 3rdparty Loggers -->
	<logger name="org.springframework.core">
		<level value="info" />
	</logger>
	
	<logger name="org.springframework.beans">
		<level value="info" />
	</logger>
	
	<logger name="org.springframework.context">
		<level value="info" />
	</logger>

	<logger name="org.springframework.web">
		<level value="info" />
	</logger>

	<!-- Root Logger -->
	<root>
		<priority value="debug" />
		<appender-ref ref="console" />
	</root>
	
</Configuration>